,Supplier_Lead_Time,Inventory_Levels,Order_Frequency,Delivery_Performance,Cost_Per_Unit
Supplier_Lead_Time,1,0.189076859,-0.896854404,-0.929641041,0.978433602
Inventory_Levels,0.189076859,1,-0.241071569,-0.077601679,0.209314546
Order_Frequency,-0.896854404,-0.241071569,1,0.808903364,-0.884482989
Delivery_Performance,-0.929641041,-0.077601679,0.808903364,1,-0.916588807
Cost_Per_Unit,0.978433602,0.209314546,-0.884482989,-0.916588807,1
